"provider","placeName","category","providerCategories","osmType","osmId","latitude","longitude","formattedAddress","distanceMeters","estimatedCredits","tags","possibleActivities","rawTags"
"geoapify","Domino's","geoapify:catering","catering | catering.fast_food | catering.fast_food.pizza","geoapify","51e6762ff7497452c0595d8ab8fafb614440f00103f901d1c3b5b801000000920308446f6d696e6f2773","40.7655023","-73.8170145","Domino's, 149-07 Northern Boulevard, New York, NY 11354, United States of America","36","1","local business | food | indoor | group-friendly | catering | catering fast food | catering fast food pizza | Domino's, 149-07 Northern Boulevard, New York, NY 11354, United States of America","food stop","name=Domino's | formatted=Domino's, 149-07 Northern Boulevard, New York, NY 11354, United States of America | address_line1=Domino's | address_line2=149-07 Northern Boulevard, New York, NY 11354, United States of America | categories=catering;catering.fast_food;catering.fast_food.pizza | city=New York | street=Northern Boulevard | housenumber=149-07"
"geoapify","Gossip House","geoapify:catering","catering | catering.restaurant | catering.restaurant.korean","geoapify","514ba13da8557452c059a3a8bd38f1614440f00103f9011057e6690100000092030c476f7373697020486f757365","40.765174","-73.8177281","Gossip House, 147-46 Northern Boulevard, New York, NY 11354, United States of America","38","1","local business | food | indoor | group-friendly | catering | catering restaurant | catering restaurant korean | Gossip House, 147-46 Northern Boulevard, New York, NY 11354, United States of America","food stop","name=Gossip House | formatted=Gossip House, 147-46 Northern Boulevard, New York, NY 11354, United States of America | address_line1=Gossip House | address_line2=147-46 Northern Boulevard, New York, NY 11354, United States of America | categories=catering;catering.restaurant;catering.restaurant.korean | city=New York | street=Northern Boulevard | housenumber=147-46"
"geoapify","149th Street","geoapify:building","building | building.commercial | commercial | commercial.shopping_mall","geoapify","5166583e4a467452c0596e45477ded614440f00102f9011bbd903300000000","40.7650601","-73.8167902","149th Street, New York, NY 11354, United States of America","41","1","local business | building | building commercial | commercial | commercial shopping mall | 149th Street, New York, NY 11354, United States of America","visit place","name=149th Street | formatted=149th Street, New York, NY 11354, United States of America | address_line1=149th Street | address_line2=New York, NY 11354, United States of America | categories=building;building.commercial;commercial;commercial.shopping_mall | city=New York | street=149th Street | housenumber="
"geoapify","Martin A Gleason Funeral Home","geoapify:commercial","commercial | service | service.funeral_directors","geoapify","51d41632b23f7452c059c079b196f1614440f00103f9016596a63e0100000092031d4d617274696e204120476c6561736f6e2046756e6572616c20486f6d65","40.7651852","-73.8163877","Martin A Gleason Funeral Home, 149-20 Northern Boulevard, New York, NY 11354, United States of America","92","1","local business | commercial | service | service funeral directors | Martin A Gleason Funeral Home, 149-20 Northern Boulevard, New York, NY 11354, United States of America","visit place","name=Martin A Gleason Funeral Home | formatted=Martin A Gleason Funeral Home, 149-20 Northern Boulevard, New York, NY 11354, United States of America | address_line1=Martin A Gleason Funeral Home | address_line2=149-20 Northern Boulevard, New York, NY 11354, United States of America | categories=commercial;service;service.funeral_directors | city=New York | street=Northern Boulevard | housenumber=149-20"
"geoapify","Prince Liquors Inc","geoapify:building","building | building.commercial | commercial | commercial.food_and_drink | commercial.food_and_drink.drinks","geoapify","51dacadc74737452c059da385854e9614440f00102f901dd06d21f000000009203125072696e6365204c6971756f727320496e63","40.7649332","-73.8195469","Prince Liquors Inc, 14620 Northern Boulevard, New York, NY 11354, United States of America","182","1","local business | food | indoor | group-friendly | building | building commercial | commercial | commercial food and drink | commercial food and drink drinks | Prince Liquors Inc, 14620 Northern Boulevard, New York, NY 11354, United States of America","food stop","name=Prince Liquors Inc | formatted=Prince Liquors Inc, 14620 Northern Boulevard, New York, NY 11354, United States of America | address_line1=Prince Liquors Inc | address_line2=14620 Northern Boulevard, New York, NY 11354, United States of America | categories=building;building.commercial;commercial;commercial.food_and_drink;commercial.food_and_drink.drinks | city=New York | street=Northern Boulevard | housenumber=14620"
"geoapify","Sandwich King","geoapify:commercial","commercial","geoapify","518708a469757452c059f8749323f8614440f00103f901c8773a650200000092030d53616e6477696368204b696e67","40.7653851","-73.8196663","Sandwich King, 146-25 Northern Boulevard, New York, NY 11354, United States of America","189","1","local business | commercial | Sandwich King, 146-25 Northern Boulevard, New York, NY 11354, United States of America","visit place","name=Sandwich King | formatted=Sandwich King, 146-25 Northern Boulevard, New York, NY 11354, United States of America | address_line1=Sandwich King | address_line2=146-25 Northern Boulevard, New York, NY 11354, United States of America | categories=commercial | city=New York | street=Northern Boulevard | housenumber=146-25"
"geoapify","7-Eleven","geoapify:building","building | building.commercial | commercial | commercial.convenience | service | service.financial | service.financial.atm","geoapify","51d06f4edb757452c059742ecca8e8614440f00102f9017ea5f51000000000920308372d456c6576656e","40.7649127","-73.8196934","7-Eleven, 146-26 Northern Boulevard, New York, NY 11354, United States of America","191","1","local business | building | building commercial | commercial | commercial convenience | service | service financial | service financial atm | 7-Eleven, 146-26 Northern Boulevard, New York, NY 11354, United States of America","visit place","name=7-Eleven | formatted=7-Eleven, 146-26 Northern Boulevard, New York, NY 11354, United States of America | address_line1=7-Eleven | address_line2=146-26 Northern Boulevard, New York, NY 11354, United States of America | categories=building;building.commercial;commercial;commercial.convenience;service;service.financial;service.financial.atm | city=New York | street=Northern Boulevard | housenumber=146-26"
"geoapify","Dunkin' Donuts","geoapify:catering","catering | catering.fast_food | internet_access","geoapify","51b008b42a787452c0598577329ef7614440f00103f901ca773a650200000092030e44756e6b696e2720446f6e757473","40.7653692","-73.8198344","Dunkin' Donuts, 146-25 Northern Boulevard, New York, NY 11354, United States of America","203","1","local business | food | indoor | group-friendly | catering | catering fast food | internet access | Dunkin' Donuts, 146-25 Northern Boulevard, New York, NY 11354, United States of America","food stop","name=Dunkin' Donuts | formatted=Dunkin' Donuts, 146-25 Northern Boulevard, New York, NY 11354, United States of America | address_line1=Dunkin' Donuts | address_line2=146-25 Northern Boulevard, New York, NY 11354, United States of America | categories=catering;catering.fast_food;internet_access | city=New York | street=Northern Boulevard | housenumber=146-25"
"geoapify","146-13 Northern Boulevard","geoapify:building","building | building.catering | catering | catering.restaurant","geoapify","5149ba1e317e7452c059eba43742f5614440f00102f90144fbf51000000000","40.7652972","-73.8202021","146-13 Northern Boulevard, New York, NY 11354, United States of America","229","1","local business | food | indoor | group-friendly | building | building catering | catering | catering restaurant | 146-13 Northern Boulevard, New York, NY 11354, United States of America","food stop","name=146-13 Northern Boulevard | formatted=146-13 Northern Boulevard, New York, NY 11354, United States of America | address_line1=146-13 Northern Boulevard | address_line2=New York, NY 11354, United States of America | categories=building;building.catering;catering;catering.restaurant | city=New York | street=Northern Boulevard | housenumber=146-13"
"geoapify","koreavillage","geoapify:building","building | building.commercial | commercial | commercial.shopping_mall","geoapify","51967b8a121e7452c0596225373ae7614440f00102f9019ba5f5100000000092030c6b6f72656176696c6c616765","40.764869","-73.8143355","koreavillage, 150-24 Northern Boulevard, New York, NY 11354, United States of America","236","1","local business | building | building commercial | commercial | commercial shopping mall | koreavillage, 150-24 Northern Boulevard, New York, NY 11354, United States of America","visit place","name=koreavillage | formatted=koreavillage, 150-24 Northern Boulevard, New York, NY 11354, United States of America | address_line1=koreavillage | address_line2=150-24 Northern Boulevard, New York, NY 11354, United States of America | categories=building;building.commercial;commercial;commercial.shopping_mall | city=New York | street=Northern Boulevard | housenumber=150-24"
"geoapify","Burger King","geoapify:catering","catering | catering.fast_food | catering.fast_food.burger | internet_access","geoapify","513c495fad7f7452c0599de1c341e7614440f00103f901cceb38120200000092030b427572676572204b696e67","40.7648699","-73.8202928","Burger King, 146-04 Northern Boulevard, New York, NY 11354, United States of America","250","1","local business | food | indoor | group-friendly | catering | catering fast food | catering fast food burger | internet access | Burger King, 146-04 Northern Boulevard, New York, NY 11354, United States of America","food stop","name=Burger King | formatted=Burger King, 146-04 Northern Boulevard, New York, NY 11354, United States of America | address_line1=Burger King | address_line2=146-04 Northern Boulevard, New York, NY 11354, United States of America | categories=catering;catering.fast_food;catering.fast_food.burger;internet_access | city=New York | street=Northern Boulevard | housenumber=146-04"
"geoapify","H Mart","geoapify:commercial","commercial | commercial.supermarket","geoapify","51af928fdd857452c059eb0e7ae6e5614440f00103f901cdeb38120200000092030648204d617274","40.7648285","-73.8206705","H Mart, Northern Boulevard, New York, NY 11354, United States of America","282","1","local business | commercial | commercial supermarket | H Mart, Northern Boulevard, New York, NY 11354, United States of America","visit place","name=H Mart | formatted=H Mart, Northern Boulevard, New York, NY 11354, United States of America | address_line1=H Mart | address_line2=Northern Boulevard, New York, NY 11354, United States of America | categories=commercial;commercial.supermarket | city=New York | street=Northern Boulevard | housenumber="
"geoapify","Happy Laundromat","geoapify:commercial","commercial | service | service.cleaning | service.cleaning.laundry","geoapify","51b42feaa4887452c059c123c5c1ef614440f00103f90180673a65020000009203104861707079204c61756e64726f6d6174","40.7651293","-73.8208401","Happy Laundromat, 144-75 Northern Boulevard, New York, NY 11354, United States of America","290","1","local business | commercial | service | service cleaning | service cleaning laundry | Happy Laundromat, 144-75 Northern Boulevard, New York, NY 11354, United States of America","visit place","name=Happy Laundromat | formatted=Happy Laundromat, 144-75 Northern Boulevard, New York, NY 11354, United States of America | address_line1=Happy Laundromat | address_line2=144-75 Northern Boulevard, New York, NY 11354, United States of America | categories=commercial;service;service.cleaning;service.cleaning.laundry | city=New York | street=Northern Boulevard | housenumber=144-75"
"geoapify","92 Chicken","geoapify:catering","catering | catering.restaurant","geoapify","51e7dd5850187452c0597b738c25f6614440f00103f9011b73d1ab0000000092030a393220436869636b656e","40.7653243","-73.813984","92 Chicken, 150-29 Northern Boulevard, New York, NY 11354, United States of America","291","1","local business | food | indoor | group-friendly | catering | catering restaurant | 92 Chicken, 150-29 Northern Boulevard, New York, NY 11354, United States of America","food stop","name=92 Chicken | formatted=92 Chicken, 150-29 Northern Boulevard, New York, NY 11354, United States of America | address_line1=92 Chicken | address_line2=150-29 Northern Boulevard, New York, NY 11354, United States of America | categories=catering;catering.restaurant | city=New York | street=Northern Boulevard | housenumber=150-29"
"geoapify","Great Wall Supermarket","geoapify:building","building | building.commercial | commercial | commercial.supermarket","geoapify","51319cd698917452c05969590f0fe1614440f00102f9011921d21f0000000092031647726561742057616c6c2053757065726d61726b6574","40.7646807","-73.8213865","Great Wall Supermarket, 144-50 Northern Boulevard, New York, NY 11354, United States of America","325","1","local business | building | building commercial | commercial | commercial supermarket | Great Wall Supermarket, 144-50 Northern Boulevard, New York, NY 11354, United States of America","visit place","name=Great Wall Supermarket | formatted=Great Wall Supermarket, 144-50 Northern Boulevard, New York, NY 11354, United States of America | address_line1=Great Wall Supermarket | address_line2=144-50 Northern Boulevard, New York, NY 11354, United States of America | categories=building;building.commercial;commercial;commercial.supermarket | city=New York | street=Northern Boulevard | housenumber=144-50"
"geoapify","Hahm Ji Bach","geoapify:building","building | building.catering | catering | catering.restaurant","geoapify","51d7bfeb33277452c05975e40a9fad614440f00102f9016188f5100000000092030c4861686d204a692042616368","40.763111","-73.8148927","Hahm Ji Bach, 40-11 149th Place, New York, NY 11354, United States of America","326","1","local business | food | indoor | group-friendly | building | building catering | catering | catering restaurant | Hahm Ji Bach, 40-11 149th Place, New York, NY 11354, United States of America","food stop","name=Hahm Ji Bach | formatted=Hahm Ji Bach, 40-11 149th Place, New York, NY 11354, United States of America | address_line1=Hahm Ji Bach | address_line2=40-11 149th Place, New York, NY 11354, United States of America | categories=building;building.catering;catering;catering.restaurant | city=New York | street=149th Place | housenumber=40-11"
"geoapify","croffle House","geoapify:commercial","commercial | commercial.food_and_drink | commercial.food_and_drink.bakery","geoapify","519ee3480c277452c059b6b72ef6a8614440f00103f901360055bf0200000092030d63726f66666c6520486f757365","40.7629688","-73.8148833","croffle House, 40-17 149th Place, New York, NY 11354, United States of America","348","1","local business | food | indoor | group-friendly | bakery | commercial | commercial food and drink | commercial food and drink bakery | croffle House, 40-17 149th Place, New York, NY 11354, United States of America","bakery stop | food stop","name=croffle House | formatted=croffle House, 40-17 149th Place, New York, NY 11354, United States of America | address_line1=croffle House | address_line2=40-17 149th Place, New York, NY 11354, United States of America | categories=commercial;commercial.food_and_drink;commercial.food_and_drink.bakery | city=New York | street=149th Place | housenumber=40-17"
"geoapify","Mahsil","geoapify:catering","catering | catering.restaurant","geoapify","51d366f73f1b7452c05974304c0cb8614440f00103f9015e56d0ab000000009203064d616873696c","40.7634292","-73.8141632","Mahsil, 40-07 150th Street, New York, NY 11354, United States of America","354","1","local business | food | indoor | group-friendly | catering | catering restaurant | Mahsil, 40-07 150th Street, New York, NY 11354, United States of America","food stop","name=Mahsil | formatted=Mahsil, 40-07 150th Street, New York, NY 11354, United States of America | address_line1=Mahsil | address_line2=40-07 150th Street, New York, NY 11354, United States of America | categories=catering;catering.restaurant | city=New York | street=150th Street | housenumber=40-07"
"geoapify","COFFEE FACTORY","geoapify:catering","catering | catering.cafe | internet_access","geoapify","518a8b48b9207452c0596ff9c0f4ac614440f00103f9018d9a2cc30200000092030e434f4646454520464143544f5259","40.7630907","-73.8144973","COFFEE FACTORY, 718 Barton Avenue, New York, NY 11354, United States of America","359","1","local business | food | indoor | group-friendly | catering | catering cafe | internet access | COFFEE FACTORY, 718 Barton Avenue, New York, NY 11354, United States of America","food stop","name=COFFEE FACTORY | formatted=COFFEE FACTORY, 718 Barton Avenue, New York, NY 11354, United States of America | address_line1=COFFEE FACTORY | address_line2=718 Barton Avenue, New York, NY 11354, United States of America | categories=catering;catering.cafe;internet_access | city=New York | street=Barton Avenue | housenumber=718"
"geoapify","Korean BBQ","geoapify:catering","catering | catering.restaurant","geoapify","5101231e3f0a7452c059b03062aaf4614440f00103f90176a4be160100000092030a4b6f7265616e20424251","40.7652791","-73.8131254","Korean BBQ, Northern Boulevard, New York, NY 11354, United States of America","364","1","local business | food | indoor | group-friendly | catering | catering restaurant | Korean BBQ, Northern Boulevard, New York, NY 11354, United States of America","food stop","name=Korean BBQ | formatted=Korean BBQ, Northern Boulevard, New York, NY 11354, United States of America | address_line1=Korean BBQ | address_line2=Northern Boulevard, New York, NY 11354, United States of America | categories=catering;catering.restaurant | city=New York | street=Northern Boulevard | housenumber="
"geoapify","Xi Top BBQ","geoapify:catering","catering | catering.restaurant | catering.restaurant.barbecue","geoapify","516d6a45402a7452c05968f4baf59a614440f00103f901ba992cc30200000092030a586920546f7020424251","40.7625415","-73.8150788","Xi Top BBQ, 40-30 149th Place, New York, NY 11354, United States of America","377","1","local business | food | indoor | group-friendly | catering | catering restaurant | catering restaurant barbecue | Xi Top BBQ, 40-30 149th Place, New York, NY 11354, United States of America","food stop","name=Xi Top BBQ | formatted=Xi Top BBQ, 40-30 149th Place, New York, NY 11354, United States of America | address_line1=Xi Top BBQ | address_line2=40-30 149th Place, New York, NY 11354, United States of America | categories=catering;catering.restaurant;catering.restaurant.barbecue | city=New York | street=149th Place | housenumber=40-30"
"geoapify","KFC","geoapify:building","building | building.catering | catering | catering.fast_food","geoapify","51fcb9da57037452c0599d8e8aaff6614440f00102f9016c85f510000000009203034b4643","40.7653408","-73.8127041","KFC, 152-03 Northern Boulevard, New York, NY 11354, United States of America","394","1","local business | food | indoor | group-friendly | building | building catering | catering | catering fast food | KFC, 152-03 Northern Boulevard, New York, NY 11354, United States of America","food stop","name=KFC | formatted=KFC, 152-03 Northern Boulevard, New York, NY 11354, United States of America | address_line1=KFC | address_line2=152-03 Northern Boulevard, New York, NY 11354, United States of America | categories=building;building.catering;catering;catering.fast_food | city=New York | street=Northern Boulevard | housenumber=152-03"
"geoapify","Seoul Ttukbaegi","geoapify:catering","catering | catering.restaurant | catering.restaurant.korean","geoapify","514155f1eb2c7452c059fe3141738c614440f00103f9018704794f0200000092030f53656f756c205474756b6261656769","40.7620987","-73.8152418","Seoul Ttukbaegi, 149-14 41st Avenue, New York, NY 11355, United States of America","413","1","local business | food | indoor | group-friendly | catering | catering restaurant | catering restaurant korean | Seoul Ttukbaegi, 149-14 41st Avenue, New York, NY 11355, United States of America","food stop","name=Seoul Ttukbaegi | formatted=Seoul Ttukbaegi, 149-14 41st Avenue, New York, NY 11355, United States of America | address_line1=Seoul Ttukbaegi | address_line2=149-14 41st Avenue, New York, NY 11355, United States of America | categories=catering;catering.restaurant;catering.restaurant.korean | city=New York | street=41st Avenue | housenumber=149-14"
"geoapify","Joong Koog Jip","geoapify:catering","catering | catering.restaurant | catering.restaurant.korean","geoapify","5147f5e7ec2e7452c059bd7c355c89614440f00103f9019a9b2ec30200000092030e4a6f6f6e67204b6f6f67204a6970","40.7620044","-73.8153641","Joong Koog Jip, 149-08 41st Avenue, New York, NY 11355, United States of America","418","1","local business | food | indoor | group-friendly | catering | catering restaurant | catering restaurant korean | Joong Koog Jip, 149-08 41st Avenue, New York, NY 11355, United States of America","food stop","name=Joong Koog Jip | formatted=Joong Koog Jip, 149-08 41st Avenue, New York, NY 11355, United States of America | address_line1=Joong Koog Jip | address_line2=149-08 41st Avenue, New York, NY 11355, United States of America | categories=catering;catering.restaurant;catering.restaurant.korean | city=New York | street=41st Avenue | housenumber=149-08"
"geoapify","Mapo BBQ","geoapify:catering","catering | catering.restaurant | catering.restaurant.korean","geoapify","51eb3b759b267452c059e98ccd3e8f614440f00103f9017a1328cd000000009203084d61706f20424251","40.762184","-73.8148564","Mapo BBQ, 149th Place, New York, NY 11355, United States of America","421","1","local business | food | indoor | group-friendly | catering | catering restaurant | catering restaurant korean | Mapo BBQ, 149th Place, New York, NY 11355, United States of America","food stop","name=Mapo BBQ | formatted=Mapo BBQ, 149th Place, New York, NY 11355, United States of America | address_line1=Mapo BBQ | address_line2=149th Place, New York, NY 11355, United States of America | categories=catering;catering.restaurant;catering.restaurant.korean | city=New York | street=149th Place | housenumber="
"geoapify","98K","geoapify:catering","catering | catering.fast_food | catering.fast_food.burger","geoapify","51b08d78b21b7452c059566d5f0196614440f00103f901519e21440200000092030339384b","40.7623903","-73.8141905","98K, 149-46 41st Avenue, New York, NY 11355, United States of America","434","1","local business | food | indoor | group-friendly | catering | catering fast food | catering fast food burger | 98K, 149-46 41st Avenue, New York, NY 11355, United States of America","food stop","name=98K | formatted=98K, 149-46 41st Avenue, New York, NY 11355, United States of America | address_line1=98K | address_line2=149-46 41st Avenue, New York, NY 11355, United States of America | categories=catering;catering.fast_food;catering.fast_food.burger | city=New York | street=41st Avenue | housenumber=149-46"
"geoapify","Hong Kong Gourmet","geoapify:building","building | building.catering | catering | catering.restaurant | catering.restaurant.chinese","geoapify","511e2fed97a37452c0595d564051d9614440f00102f90127a5f51000000000920311486f6e67204b6f6e6720476f75726d6574","40.7644445","-73.822485","Hong Kong Gourmet, 144-20 Northern Boulevard, New York, NY 11354, United States of America","435","1","local business | food | indoor | group-friendly | building | building catering | catering | catering restaurant | catering restaurant chinese | Hong Kong Gourmet, 144-20 Northern Boulevard, New York, NY 11354, United States of America","food stop","name=Hong Kong Gourmet | formatted=Hong Kong Gourmet, 144-20 Northern Boulevard, New York, NY 11354, United States of America | address_line1=Hong Kong Gourmet | address_line2=144-20 Northern Boulevard, New York, NY 11354, United States of America | categories=building;building.catering;catering;catering.restaurant;catering.restaurant.chinese | city=New York | street=Northern Boulevard | housenumber=144-20"
"geoapify","Han Joo Chik Naeng Myun & BBQ","geoapify:catering","catering | catering.restaurant","geoapify","51ffac9e38257452c0590e8ffd378a614440f00103f9017056d0ab0000000092031d48616e204a6f6f204368696b204e61656e67204d79756e202620424251","40.7620306","-73.8147718","Han Joo Chik Naeng Myun & BBQ, 41-06 149th Place, New York, NY 11355, United States of America","439","1","local business | food | indoor | group-friendly | catering | catering restaurant | Han Joo Chik Naeng Myun & BBQ, 41-06 149th Place, New York, NY 11355, United States of America","food stop","name=Han Joo Chik Naeng Myun & BBQ | formatted=Han Joo Chik Naeng Myun & BBQ, 41-06 149th Place, New York, NY 11355, United States of America | address_line1=Han Joo Chik Naeng Myun & BBQ | address_line2=41-06 149th Place, New York, NY 11355, United States of America | categories=catering;catering.restaurant | city=New York | street=149th Place | housenumber=41-06"
"geoapify","Book Chang Dong Soon Tofu","geoapify:catering","catering | catering.restaurant | catering.restaurant.korean","geoapify","512117e64efa7352c0590862a7bee2614440f00103f901edfe729300000000920319426f6f6b204368616e6720446f6e6720536f6f6e20546f6675","40.7647322","-73.8121526","Book Chang Dong Soon Tofu, 152-22 Northern Boulevard, New York, NY 11354, United States of America","452","1","local business | food | indoor | group-friendly | catering | catering restaurant | catering restaurant korean | Book Chang Dong Soon Tofu, 152-22 Northern Boulevard, New York, NY 11354, United States of America","food stop","name=Book Chang Dong Soon Tofu | formatted=Book Chang Dong Soon Tofu, 152-22 Northern Boulevard, New York, NY 11354, United States of America | address_line1=Book Chang Dong Soon Tofu | address_line2=152-22 Northern Boulevard, New York, NY 11354, United States of America | categories=catering;catering.restaurant;catering.restaurant.korean | city=New York | street=Northern Boulevard | housenumber=152-22"
"geoapify","Best Whitestone Liquor","geoapify:commercial","commercial | commercial.food_and_drink | commercial.food_and_drink.drinks","geoapify","5185562767a87452c059d2e2c638da614440f00103f901c793d1ab000000009203164265737420576869746573746f6e65204c6971756f72","40.7644721","-73.8227785","Best Whitestone Liquor, 144-12 Northern Boulevard, New York, NY 11354, United States of America","464","1","local business | food | indoor | group-friendly | commercial | commercial food and drink | commercial food and drink drinks | Best Whitestone Liquor, 144-12 Northern Boulevard, New York, NY 11354, United States of America","food stop","name=Best Whitestone Liquor | formatted=Best Whitestone Liquor, 144-12 Northern Boulevard, New York, NY 11354, United States of America | address_line1=Best Whitestone Liquor | address_line2=144-12 Northern Boulevard, New York, NY 11354, United States of America | categories=commercial;commercial.food_and_drink;commercial.food_and_drink.drinks | city=New York | street=Northern Boulevard | housenumber=144-12"
"geoapify","Adam's Chicken & Pocha","geoapify:catering","catering | catering.restaurant | catering.restaurant.korean","geoapify","51f864c570f57352c0592be29d3de1614440f00103f9010c53fbce020000009203164164616d277320436869636b656e202620506f636861","40.7646863","-73.8118555","Adam's Chicken & Pocha, 153-02A Northern Boulevard, New York, NY 11354, United States of America","478","1","local business | food | indoor | group-friendly | catering | catering restaurant | catering restaurant korean | Adam's Chicken & Pocha, 153-02A Northern Boulevard, New York, NY 11354, United States of America","food stop","name=Adam's Chicken & Pocha | formatted=Adam's Chicken & Pocha, 153-02A Northern Boulevard, New York, NY 11354, United States of America | address_line1=Adam's Chicken & Pocha | address_line2=153-02A Northern Boulevard, New York, NY 11354, United States of America | categories=catering;catering.restaurant;catering.restaurant.korean | city=New York | street=Northern Boulevard | housenumber=153-02A"
"geoapify","Kakaboka Hair Salon","geoapify:commercial","commercial | service | service.beauty | service.beauty.hairdresser","geoapify","51ad61d053ae7452c0593f69f931e6614440f00103f9012317d4ab000000009203134b616b61626f6b6120486169722053616c6f6e","40.7648375","-73.8231401","Kakaboka Hair Salon, 144-07 Northern Boulevard, New York, NY 11354, United States of America","487","1","local business | commercial | service | service beauty | service beauty hairdresser | Kakaboka Hair Salon, 144-07 Northern Boulevard, New York, NY 11354, United States of America","visit place","name=Kakaboka Hair Salon | formatted=Kakaboka Hair Salon, 144-07 Northern Boulevard, New York, NY 11354, United States of America | address_line1=Kakaboka Hair Salon | address_line2=144-07 Northern Boulevard, New York, NY 11354, United States of America | categories=commercial;service;service.beauty;service.beauty.hairdresser | city=New York | street=Northern Boulevard | housenumber=144-07"
"geoapify","T-Mobile","geoapify:commercial","commercial | commercial.elektronics | internet_access | wheelchair | wheelchair.yes","geoapify","51341191f5af7452c0594a17b3d5e5614440f00103f9012117d4ab00000000920308542d4d6f62696c65","40.7648265","-73.8232397","T-Mobile, 144-03 Northern Boulevard, New York, NY 11354, United States of America","495","1","local business | commercial | commercial elektronics | internet access | wheelchair | wheelchair yes | T-Mobile, 144-03 Northern Boulevard, New York, NY 11354, United States of America","visit place","name=T-Mobile | formatted=T-Mobile, 144-03 Northern Boulevard, New York, NY 11354, United States of America | address_line1=T-Mobile | address_line2=144-03 Northern Boulevard, New York, NY 11354, United States of America | categories=commercial;commercial.elektronics;internet_access;wheelchair;wheelchair.yes | city=New York | street=Northern Boulevard | housenumber=144-03"
"geoapify","144-02 Northern Boulevard","geoapify:commercial","commercial | commercial.second_hand","geoapify","5134cf11f9ae7452c0595851515bd9614440f00103f901c293d1ab00000000","40.7644457","-73.8231795","144-02 Northern Boulevard, New York, NY 11354, United States of America","498","1","local business | commercial | commercial second hand | 144-02 Northern Boulevard, New York, NY 11354, United States of America","visit place","name=144-02 Northern Boulevard | formatted=144-02 Northern Boulevard, New York, NY 11354, United States of America | address_line1=144-02 Northern Boulevard | address_line2=New York, NY 11354, United States of America | categories=commercial;commercial.second_hand | city=New York | street=Northern Boulevard | housenumber=144-02"
"geoapify","Parsons Flower","geoapify:commercial","commercial | commercial.florist","geoapify","51638c5940b27452c059d97d738ae9614440f00103f901fc17d4ab0000000092030e506172736f6e7320466c6f776572","40.7649396","-73.8233796","Parsons Flower, 35-25 Parsons Boulevard, New York, NY 11354, United States of America","505","1","local business | commercial | commercial florist | Parsons Flower, 35-25 Parsons Boulevard, New York, NY 11354, United States of America","visit place","name=Parsons Flower | formatted=Parsons Flower, 35-25 Parsons Boulevard, New York, NY 11354, United States of America | address_line1=Parsons Flower | address_line2=35-25 Parsons Boulevard, New York, NY 11354, United States of America | categories=commercial;commercial.florist | city=New York | street=Parsons Boulevard | housenumber=35-25"
"geoapify","UNICORN GLOW","geoapify:catering","catering | catering.cafe | internet_access | internet_access.for_customers","geoapify","51f8ad3143be7452c05950e05a42e3614440f00103f9017011eedc0100000092030c554e49434f524e20474c4f57","40.7647479","-73.8241127","UNICORN GLOW, 141-47 Northern Boulevard, New York, NY 11358, United States of America","569","1","local business | food | indoor | group-friendly | catering | catering cafe | internet access | internet access for customers | UNICORN GLOW, 141-47 Northern Boulevard, New York, NY 11358, United States of America","food stop","name=UNICORN GLOW | formatted=UNICORN GLOW, 141-47 Northern Boulevard, New York, NY 11358, United States of America | address_line1=UNICORN GLOW | address_line2=141-47 Northern Boulevard, New York, NY 11358, United States of America | categories=catering;catering.cafe;internet_access;internet_access.for_customers | city=New York | street=Northern Boulevard | housenumber=141-47"
"geoapify","Breakfast and Coffee","geoapify:catering","catering | catering.cafe","geoapify","51adcacf57da7352c0593950865ad3614440f00103f901d02d273503000000920314427265616b6661737420616e6420436f66666565","40.7642625","-73.8102016","Breakfast and Coffee, Northern Boulevard, New York, NY 11354, United States of America","624","1","local business | food | indoor | group-friendly | catering | catering cafe | Breakfast and Coffee, Northern Boulevard, New York, NY 11354, United States of America","food stop","name=Breakfast and Coffee | formatted=Breakfast and Coffee, Northern Boulevard, New York, NY 11354, United States of America | address_line1=Breakfast and Coffee | address_line2=Northern Boulevard, New York, NY 11354, United States of America | categories=catering;catering.cafe | city=New York | street=Northern Boulevard | housenumber="
"geoapify","Samba BBQ","geoapify:catering","catering | catering.restaurant","geoapify","5178cb7ad6da7352c0591578de87cd614440f00103f9012892ab9e0200000092030953616d626120424251","40.7640848","-73.8102318","Samba BBQ, 154-17 Roosevelt Avenue, New York, NY 11354, United States of America","626","1","local business | food | indoor | group-friendly | catering | catering restaurant | Samba BBQ, 154-17 Roosevelt Avenue, New York, NY 11354, United States of America","food stop","name=Samba BBQ | formatted=Samba BBQ, 154-17 Roosevelt Avenue, New York, NY 11354, United States of America | address_line1=Samba BBQ | address_line2=154-17 Roosevelt Avenue, New York, NY 11354, United States of America | categories=catering;catering.restaurant | city=New York | street=Roosevelt Avenue | housenumber=154-17"
"geoapify","The Little Learning Center","geoapify:building","building | building.commercial | commercial | commercial.toy_and_game","geoapify","5156470c51397452c05950e08bf040614440f00102f9014594f5100000000092031a546865204c6974746c65204c6561726e696e672043656e746572","40.7597943","-73.8159983","The Little Learning Center, 147-32 Sanford Avenue, New York, NY 11355, United States of America","628","1","local business | building | building commercial | commercial | commercial toy and game | The Little Learning Center, 147-32 Sanford Avenue, New York, NY 11355, United States of America","visit place","name=The Little Learning Center | formatted=The Little Learning Center, 147-32 Sanford Avenue, New York, NY 11355, United States of America | address_line1=The Little Learning Center | address_line2=147-32 Sanford Avenue, New York, NY 11355, United States of America | categories=building;building.commercial;commercial;commercial.toy_and_game | city=New York | street=Sanford Avenue | housenumber=147-32"
"geoapify","Los Marinillos","geoapify:catering","catering | catering.restaurant | wheelchair | wheelchair.yes","geoapify","513a819f27d47452c0593e27632cd3614440f00103f90113aeddab0000000092030e4c6f73204d6172696e696c6c6f73","40.764257","-73.8254489","Los Marinillos, 141-08 Northern Boulevard, New York, NY 11354, United States of America","690","1","local business | food | indoor | group-friendly | catering | catering restaurant | wheelchair | wheelchair yes | Los Marinillos, 141-08 Northern Boulevard, New York, NY 11354, United States of America","food stop","name=Los Marinillos | formatted=Los Marinillos, 141-08 Northern Boulevard, New York, NY 11354, United States of America | address_line1=Los Marinillos | address_line2=141-08 Northern Boulevard, New York, NY 11354, United States of America | categories=catering;catering.restaurant;wheelchair;wheelchair.yes | city=New York | street=Northern Boulevard | housenumber=141-08"
"geoapify","Jongro BBQ","geoapify:catering","catering | catering.restaurant | catering.restaurant.barbecue | catering.restaurant.korean","geoapify","51c0eac891ce7352c0591bf70906c6614440f00103f901c7d060b10100000092030a4a6f6e67726f20424251","40.7638557","-73.809483","Jongro BBQ, 155-14 Roosevelt Avenue, New York, NY 11354, United States of America","693","1","local business | food | indoor | group-friendly | catering | catering restaurant | catering restaurant barbecue | catering restaurant korean | Jongro BBQ, 155-14 Roosevelt Avenue, New York, NY 11354, United States of America","food stop","name=Jongro BBQ | formatted=Jongro BBQ, 155-14 Roosevelt Avenue, New York, NY 11354, United States of America | address_line1=Jongro BBQ | address_line2=155-14 Roosevelt Avenue, New York, NY 11354, United States of America | categories=catering;catering.restaurant;catering.restaurant.barbecue;catering.restaurant.korean | city=New York | street=Roosevelt Avenue | housenumber=155-14"
"geoapify","IHOP","geoapify:catering","catering | catering.restaurant","geoapify","513fa5efdaca7352c0597a89906ad8614440f00103f9014a2cd0ab0000000092030449484f50","40.764417","-73.8092563","IHOP, 155-17 Northern Boulevard, New York, NY 11354, United States of America","699","1","local business | food | indoor | group-friendly | catering | catering restaurant | IHOP, 155-17 Northern Boulevard, New York, NY 11354, United States of America","food stop","name=IHOP | formatted=IHOP, 155-17 Northern Boulevard, New York, NY 11354, United States of America | address_line1=IHOP | address_line2=155-17 Northern Boulevard, New York, NY 11354, United States of America | categories=catering;catering.restaurant | city=New York | street=Northern Boulevard | housenumber=155-17"
"geoapify","Peking Empire","geoapify:catering","catering | catering.restaurant","geoapify","5187fe092ed67452c0590a70c51ad3614440f00103f90112aeddab0000000092030d50656b696e6720456d70697265","40.7642549","-73.8255725","Peking Empire, 141-06 Northern Boulevard, New York, NY 11354, United States of America","700","1","local business | food | indoor | group-friendly | catering | catering restaurant | Peking Empire, 141-06 Northern Boulevard, New York, NY 11354, United States of America","food stop","name=Peking Empire | formatted=Peking Empire, 141-06 Northern Boulevard, New York, NY 11354, United States of America | address_line1=Peking Empire | address_line2=141-06 Northern Boulevard, New York, NY 11354, United States of America | categories=catering;catering.restaurant | city=New York | street=Northern Boulevard | housenumber=141-06"
"geoapify","Bowne Park Deli","geoapify:commercial","commercial","geoapify","5188b02b77307452c059df760607c5624440f00103f901705b40210300000092030f426f776e65205061726b2044656c69","40.7716378","-73.8154581","Bowne Park Deli, 150-09 Bayside Avenue, New York, NY 11354, United States of America","709","1","local business | commercial | Bowne Park Deli, 150-09 Bayside Avenue, New York, NY 11354, United States of America","visit place","name=Bowne Park Deli | formatted=Bowne Park Deli, 150-09 Bayside Avenue, New York, NY 11354, United States of America | address_line1=Bowne Park Deli | address_line2=150-09 Bayside Avenue, New York, NY 11354, United States of America | categories=commercial | city=New York | street=Bayside Avenue | housenumber=150-09"
"geoapify","Pizza Maru","geoapify:catering","catering | catering.restaurant","geoapify","51e213573ac47352c0596f137d49be614440f00103f901497bd87a0100000092030a50697a7a61204d617275","40.7636196","-73.8088518","Pizza Maru, 156-16 Northern Boulevard, New York, NY 11354, United States of America","752","1","local business | food | indoor | group-friendly | catering | catering restaurant | Pizza Maru, 156-16 Northern Boulevard, New York, NY 11354, United States of America","food stop","name=Pizza Maru | formatted=Pizza Maru, 156-16 Northern Boulevard, New York, NY 11354, United States of America | address_line1=Pizza Maru | address_line2=156-16 Northern Boulevard, New York, NY 11354, United States of America | categories=catering;catering.restaurant | city=New York | street=Northern Boulevard | housenumber=156-16"
"geoapify","H Mart","geoapify:building","building | building.catering | building.commercial | commercial | commercial.supermarket","geoapify","51143ceacbcb7452c0596e4842776e614440f00102f901bdfbf6100000000092030648204d617274","40.7611837","-73.8249388","H Mart, 142-41 Roosevelt Avenue, New York, NY 11354, United States of America","767","1","local business | food | indoor | group-friendly | building | building catering | building commercial | commercial | commercial supermarket | H Mart, 142-41 Roosevelt Avenue, New York, NY 11354, United States of America","food stop","name=H Mart | formatted=H Mart, 142-41 Roosevelt Avenue, New York, NY 11354, United States of America | address_line1=H Mart | address_line2=142-41 Roosevelt Avenue, New York, NY 11354, United States of America | categories=building;building.catering;building.commercial;commercial;commercial.supermarket | city=New York | street=Roosevelt Avenue | housenumber=142-41"
"geoapify","H Mart","geoapify:commercial","commercial | commercial.supermarket","geoapify","511264a99ac57352c059e4cb39cda7614440f00103f901c6d060b10100000092030648204d617274","40.7629334","-73.8089358","H Mart, 156-40 Northern Boulevard, New York, NY 11354, United States of America","769","1","local business | commercial | commercial supermarket | H Mart, 156-40 Northern Boulevard, New York, NY 11354, United States of America","visit place","name=H Mart | formatted=H Mart, 156-40 Northern Boulevard, New York, NY 11354, United States of America | address_line1=H Mart | address_line2=156-40 Northern Boulevard, New York, NY 11354, United States of America | categories=commercial;commercial.supermarket | city=New York | street=Northern Boulevard | housenumber=156-40"
"geoapify","Great Scot","geoapify:commercial","commercial | service | service.cleaning | service.cleaning.dry_cleaning","geoapify","51d4d4b2b5be7352c059da4d6ed5bf614440f00103f9013456d0ab0000000092030a47726561742053636f74","40.7636668","-73.808515","Great Scot, 156-50 Northern Boulevard, New York, NY 11354, United States of America","778","1","local business | commercial | service | service cleaning | service cleaning dry cleaning | Great Scot, 156-50 Northern Boulevard, New York, NY 11354, United States of America","visit place","name=Great Scot | formatted=Great Scot, 156-50 Northern Boulevard, New York, NY 11354, United States of America | address_line1=Great Scot | address_line2=156-50 Northern Boulevard, New York, NY 11354, United States of America | categories=commercial;service;service.cleaning;service.cleaning.dry_cleaning | city=New York | street=Northern Boulevard | housenumber=156-50"
"geoapify","SoDam","geoapify:catering","catering | catering.restaurant | catering.restaurant.korean","geoapify","515e4bc807bd7352c0591480c470bf614440f00103f9013556d0ab00000000920305536f44616d","40.7636548","-73.8084125","SoDam, 156-52 Northern Boulevard, New York, NY 11354, United States of America","786","1","local business | food | indoor | group-friendly | catering | catering restaurant | catering restaurant korean | SoDam, 156-52 Northern Boulevard, New York, NY 11354, United States of America","food stop","name=SoDam | formatted=SoDam, 156-52 Northern Boulevard, New York, NY 11354, United States of America | address_line1=SoDam | address_line2=156-52 Northern Boulevard, New York, NY 11354, United States of America | categories=catering;catering.restaurant;catering.restaurant.korean | city=New York | street=Northern Boulevard | housenumber=156-52"
"geoapify","Kungfu BBQ","geoapify:catering","catering | catering.restaurant","geoapify","51ef5701bedb7452c0598c0244cc80614440f00103f9016f21b67c0200000092030a4b756e67667520424251","40.7617431","-73.825912","Kungfu BBQ, 142-28 38th Avenue, New York, NY 11354, United States of America","825","1","local business | food | indoor | group-friendly | catering | catering restaurant | Kungfu BBQ, 142-28 38th Avenue, New York, NY 11354, United States of America","food stop","name=Kungfu BBQ | formatted=Kungfu BBQ, 142-28 38th Avenue, New York, NY 11354, United States of America | address_line1=Kungfu BBQ | address_line2=142-28 38th Avenue, New York, NY 11354, United States of America | categories=catering;catering.restaurant | city=New York | street=38th Avenue | housenumber=142-28"