"provider","placeName","category","providerCategories","osmType","osmId","latitude","longitude","formattedAddress","distanceMeters","estimatedCredits","rating","reviewCount","reviewSummary","sourceUrls","tags","possibleActivities","rawTags"
"google_places","N25 Nitro Tea","google_places:tea_house","tea_house | Tea House | coffee_shop | cafe | food_store | store | food | point_of_interest | establishment","google_places","ChIJY7AC5bJhwokR3a__zFsgynI","40.758922999999996","-73.8302976","135-37 40th Rd, Flushing, NY 11354, USA","","1","5","69","Evelyn Y, 5/5, a month ago: This is exactly the kind of coffee and tea I’ve been looking for! The equipment is professional, the ingredients are fresh, and the flavors are really unique. I’ll definitely be coming back! Mia Grant, 5/5, 2 weeks ago: Actually unreal!! I just discovered this place and i had the strawberry matcha , tasted soooo delicious and FRESH!! Must try🍓 TUNG LO, 5/5, a month ago: ⭐⭐⭐⭐⭐ Must-try spot in Flushing! The nitro infusion gives the tea an incredibly smooth, creamy texture that sets it apart from your average boba shop. The ""Iced Queens"" Vietnamese coffee is also a standout. Highly recommend!","https://maps.google.com/?cid=8271459244272758749&g_mp=CiVnb29nbGUubWFwcy5wbGFjZXMudjEuUGxhY2VzLkdldFBsYWNlEAIYBCAA","local business | food | indoor | group-friendly | bubble tea | tea | coffee | tea house | Tea house | coffee shop | cafe | food store | point of interest | store | establishment | Tea House","bubble tea stop | food stop","name=N25 Nitro Tea | formatted_address=135-37 40th Rd, Flushing, NY 11354, USA | types=tea_house;Tea House;coffee_shop;cafe;food_store;store;food;point_of_interest;establishment | rating=5 | user_rating_count=69 | google_maps_uri=https://maps.google.com/?cid=8271459244272758749&g_mp=CiVnb29nbGUubWFwcy5wbGFjZXMudjEuUGxhY2VzLkdldFBsYWNlEAIYBCAA | editorial_summary= | google_review_summary= | review_summary=Evelyn Y, 5/5, a month ago: This is exactly the kind of coffee and tea I’ve been looking for! The equipment is professional, the ingredients are fresh, and the flavors are really unique. I’ll definitely be coming back! Mia Grant, 5/5, 2 weeks ago: Actually unreal!! I just discovered this place and i had the strawberry matcha , tasted soooo delicious and FRESH!! Must try🍓 TUNG LO, 5/5, a month ago: ⭐⭐⭐⭐⭐ Must-try spot in Flushing! The nitro infusion gives the tea an incredibly smooth, creamy texture that sets it apart from your average boba shop. The ""Iced Queens"" Vietnamese coffee is also a standout. Highly recommend! | query=bubble tea"
"google_places","TEAPULSE - Flushing","google_places:tea_house","tea_house | Tea house | coffee_shop | cafe | pastry_shop | dessert_shop | confectionery | bakery | food_store | restaurant | food | point_of_interest | store | establishment","google_places","ChIJ_bfiBABhwokR2d0YGCBTUzs","40.7604211","-73.8325991","37-17 Prince St, Flushing, NY 11354, USA","","1","4.7","1078","","https://maps.google.com/?cid=4274851868613074393&g_mp=Cidnb29nbGUubWFwcy5wbGFjZXMudjEuUGxhY2VzLlNlYXJjaFRleHQQAhgEIAA","local business | food | indoor | group-friendly | bubble tea | tea | bakery | dessert | coffee | tea house | Tea house | coffee shop | cafe | pastry shop | dessert shop | confectionery | food store | restaurant | point of interest | store | establishment","bubble tea stop | food stop","name=TEAPULSE - Flushing | formatted_address=37-17 Prince St, Flushing, NY 11354, USA | types=tea_house;Tea house;coffee_shop;cafe;pastry_shop;dessert_shop;confectionery;bakery;food_store;restaurant;food;point_of_interest;store;establishment | rating=4.7 | user_rating_count=1078 | google_maps_uri=https://maps.google.com/?cid=4274851868613074393&g_mp=Cidnb29nbGUubWFwcy5wbGFjZXMudjEuUGxhY2VzLlNlYXJjaFRleHQQAhgEIAA | editorial_summary= | google_review_summary= | review_summary= | query=bubble tea"
"google_places","Tiger Sugar","google_places:tea_house","tea_house | Tea house | coffee_shop | cafe | food_store | food | point_of_interest | store | establishment","google_places","ChIJrz0KYl1ZwokRPkoiBnnGTxw","40.7593046","-73.82913429999999","New World Mall Food Court, 136-20 Roosevelt Ave Unit 012, Flushing, NY 11354, USA","","1","4.1","654","","https://maps.google.com/?cid=2040067379318377022&g_mp=Cidnb29nbGUubWFwcy5wbGFjZXMudjEuUGxhY2VzLlNlYXJjaFRleHQQAhgEIAA","local business | food | indoor | group-friendly | bubble tea | tea | coffee | tea house | Tea house | coffee shop | cafe | food store | point of interest | store | establishment","bubble tea stop | food stop","name=Tiger Sugar | formatted_address=New World Mall Food Court, 136-20 Roosevelt Ave Unit 012, Flushing, NY 11354, USA | types=tea_house;Tea house;coffee_shop;cafe;food_store;food;point_of_interest;store;establishment | rating=4.1 | user_rating_count=654 | google_maps_uri=https://maps.google.com/?cid=2040067379318377022&g_mp=Cidnb29nbGUubWFwcy5wbGFjZXMudjEuUGxhY2VzLlNlYXJjaFRleHQQAhgEIAA | editorial_summary= | google_review_summary= | review_summary= | query=bubble tea"
"google_places","Xing Fu Tang Flushing","google_places:tea_house","tea_house | Tea House | point_of_interest | establishment","google_places","ChIJwy3FzephwokRioE1cMczi58","40.758215299999996","-73.82967870000002","40-52 Main St, Flushing, NY 11354, USA","","1","4.3","1124","Local outpost of a Taiwanese shop specializing in brown sugar boba prepared in an open kitchen. [object Object] Andre Alyass, 4/5, 5 months ago: Really good! If you are in flushing try this place out. The shop really stands out and the brown sugar tapioca so really delicious. They also have good hot matcha. I think the milk is not so refreshing compared to another place but overall, great quality boba and really delicious tapioca. Jason S, 5/5, 4 months ago: I had the Thai tea boba and the boba pearls man it was amazingly good. It’s made fresh by the window. I highly recommend this place if you’re a boba lover🧋 10/10…! Bonnie Ye, 4/5, 6 months ago: I visited this place three days in a row! ","https://maps.google.com/?cid=11496339405467386250&g_mp=CiVnb29nbGUubWFwcy5wbGFjZXMudjEuUGxhY2VzLkdldFBsYWNlEAIYBCAA","local business | food | indoor | group-friendly | bubble tea | tea | tea house | Tea house | point of interest | establishment | Tea House | Local outpost of a Taiwanese shop specializing in brown sugar boba prepared in an open kitchen.","bubble tea stop | food stop","name=Xing Fu Tang Flushing | formatted_address=40-52 Main St, Flushing, NY 11354, USA | types=tea_house;Tea House;point_of_interest;establishment | rating=4.3 | user_rating_count=1124 | google_maps_uri=https://maps.google.com/?cid=11496339405467386250&g_mp=CiVnb29nbGUubWFwcy5wbGFjZXMudjEuUGxhY2VzLkdldFBsYWNlEAIYBCAA | editorial_summary=Local outpost of a Taiwanese shop specializing in brown sugar boba prepared in an open kitchen. | google_review_summary=[object Object] | review_summary=Local outpost of a Taiwanese shop specializing in brown sugar boba prepared in an open kitchen. [object Object] Andre Alyass, 4/5, 5 months ago: Really good! If you are in flushing try this place out. The shop really stands out and the brown sugar tapioca so really delicious. They also have good hot matcha. I think the milk is not so refreshing compared to another place but overall, great quality boba and really delicious tapioca. Jason S, 5/5, 4 months ago: I had the Thai tea boba and the boba pearls man it was amazingly good. It’s made fresh by the window. I highly recommend this place if you’re a boba lover🧋 10/10…! Bonnie Ye, 4/5, 6 months ago: I visited this place three days in a row!  | query=bubble tea"
"google_places","Great East Boba","google_places:tea_house","tea_house | Tea House | point_of_interest | establishment","google_places","ChIJC3KMMQBhwokRdqXlDMoId5Y","40.771506099999996","-73.82690629999999","29-30 Union St, Flushing, NY 11354, USA","","1","4.8","56","multifaceted wanderer, 5/5, 6 months ago: Great local gem. Heard about them on social media, and the story behind the establishment is beautiful. A very diverse menu for caffeine lovers / kids / fruit or milk tea enthusiasts. Greeted upon entry by the young lovely owner of the boba establishment- she was super friendly and patient. Came here late night and there was still a line for boba (a good sign)! I prefer to support small boba chains when I can, especially if they’re as delicious and fresh as the one at great east! Will most definitely be returning. mj, 5/5, a month ago: i tried on too good to go, wow! very tasty. not 100% sure what i got but i think it was some form of tea and pearls,","https://maps.google.com/?cid=10842144291810551158&g_mp=CiVnb29nbGUubWFwcy5wbGFjZXMudjEuUGxhY2VzLkdldFBsYWNlEAIYBCAA","local business | food | indoor | group-friendly | bubble tea | tea | tea house | Tea house | point of interest | establishment | Tea House","bubble tea stop | food stop","name=Great East Boba | formatted_address=29-30 Union St, Flushing, NY 11354, USA | types=tea_house;Tea House;point_of_interest;establishment | rating=4.8 | user_rating_count=56 | google_maps_uri=https://maps.google.com/?cid=10842144291810551158&g_mp=CiVnb29nbGUubWFwcy5wbGFjZXMudjEuUGxhY2VzLkdldFBsYWNlEAIYBCAA | editorial_summary= | google_review_summary= | review_summary=multifaceted wanderer, 5/5, 6 months ago: Great local gem. Heard about them on social media, and the story behind the establishment is beautiful. A very diverse menu for caffeine lovers / kids / fruit or milk tea enthusiasts. Greeted upon entry by the young lovely owner of the boba establishment- she was super friendly and patient. Came here late night and there was still a line for boba (a good sign)! I prefer to support small boba chains when I can, especially if they’re as delicious and fresh as the one at great east! Will most definitely be returning. mj, 5/5, a month ago: i tried on too good to go, wow! very tasty. not 100% sure what i got but i think it was some form of tea and pearls, | query=bubble tea"
"google_places","ChaHalo 茶话弄 - Flushing","google_places:tea_house","tea_house | Tea House | restaurant | food | point_of_interest | establishment","google_places","ChIJNWHjpRthwokRPYN9eEAwtDg","40.760605999999996","-73.8329945","37-06 Prince St, Flushing, NY 11354, USA","","1","4.9","1228","[object Object] Jiaojiao Zhong, 5/5, a month ago: I had such a great experience at this tea shop! The drinks are consistently delicious, fresh, and perfectly balanced, not overly sweet like many other places. The atmosphere is clean, cozy, and welcoming, making it a great spot to relax or catch up with friends. I especially want to give a shoutout to one of the staff members Asen who helped me during my visit. They were incredibly friendly, patient, and attentive, taking the time to answer my questions and recommend drinks based on my preferences. Their positive attitude really made my day and elevated the whole experience. It’s rare to find both high-quality drinks and such genuine customer","https://maps.google.com/?cid=4085943815389414205&g_mp=CiVnb29nbGUubWFwcy5wbGFjZXMudjEuUGxhY2VzLkdldFBsYWNlEAIYBCAA","local business | food | indoor | group-friendly | bubble tea | tea | tea house | Tea house | restaurant | point of interest | establishment | Tea House","bubble tea stop | food stop","name=ChaHalo 茶话弄 - Flushing | formatted_address=37-06 Prince St, Flushing, NY 11354, USA | types=tea_house;Tea House;restaurant;food;point_of_interest;establishment | rating=4.9 | user_rating_count=1228 | google_maps_uri=https://maps.google.com/?cid=4085943815389414205&g_mp=CiVnb29nbGUubWFwcy5wbGFjZXMudjEuUGxhY2VzLkdldFBsYWNlEAIYBCAA | editorial_summary= | google_review_summary=[object Object] | review_summary=[object Object] Jiaojiao Zhong, 5/5, a month ago: I had such a great experience at this tea shop! The drinks are consistently delicious, fresh, and perfectly balanced, not overly sweet like many other places. The atmosphere is clean, cozy, and welcoming, making it a great spot to relax or catch up with friends. I especially want to give a shoutout to one of the staff members Asen who helped me during my visit. They were incredibly friendly, patient, and attentive, taking the time to answer my questions and recommend drinks based on my preferences. Their positive attitude really made my day and elevated the whole experience. It’s rare to find both high-quality drinks and such genuine customer | query=bubble tea"
"google_places","Project TCG (奶茶/咖啡，卡牌，宝可梦，海贼王，高达)","google_places:tea_house","tea_house | Tea house | coffee_shop | cafe | amusement_center | association_or_organization | food_store | food | point_of_interest | store | establishment","google_places","ChIJKxTToyxhwokRom_bm6NQGq8","40.7626144","-73.8321563","36-12 Main St #1FL, Flushing, NY 11354, USA","","1","4.7","57","","https://maps.google.com/?cid=12617485969656606626&g_mp=Cidnb29nbGUubWFwcy5wbGFjZXMudjEuUGxhY2VzLlNlYXJjaFRleHQQAhgEIAA","local business | food | indoor | group-friendly | bubble tea | tea | coffee | tea house | Tea house | coffee shop | cafe | amusement center | association or organization | food store | point of interest | store | establishment","bubble tea stop | food stop","name=Project TCG (奶茶/咖啡，卡牌，宝可梦，海贼王，高达) | formatted_address=36-12 Main St #1FL, Flushing, NY 11354, USA | types=tea_house;Tea house;coffee_shop;cafe;amusement_center;association_or_organization;food_store;food;point_of_interest;store;establishment | rating=4.7 | user_rating_count=57 | google_maps_uri=https://maps.google.com/?cid=12617485969656606626&g_mp=Cidnb29nbGUubWFwcy5wbGFjZXMudjEuUGxhY2VzLlNlYXJjaFRleHQQAhgEIAA | editorial_summary= | google_review_summary= | review_summary= | query=bubble tea"
"google_places","Sky Food Court","google_places:chinese_restaurant","chinese_restaurant | Chinese restaurant | restaurant | food | point_of_interest | establishment","google_places","ChIJOUsncABhwokRZUzapk9Bvjc","40.757202799999995","-73.8356721","40-24 College Point Blvd, Flushing, NY 11354, USA","","1","3","5","","https://maps.google.com/?cid=4016719728018607205&g_mp=Cidnb29nbGUubWFwcy5wbGFjZXMudjEuUGxhY2VzLlNlYXJjaFRleHQQAhgEIAA","local business | food | indoor | group-friendly | chinese restaurant | Chinese restaurant | restaurant | point of interest | establishment","food stop","name=Sky Food Court | formatted_address=40-24 College Point Blvd, Flushing, NY 11354, USA | types=chinese_restaurant;Chinese restaurant;restaurant;food;point_of_interest;establishment | rating=3 | user_rating_count=5 | google_maps_uri=https://maps.google.com/?cid=4016719728018607205&g_mp=Cidnb29nbGUubWFwcy5wbGFjZXMudjEuUGxhY2VzLlNlYXJjaFRleHQQAhgEIAA | editorial_summary= | google_review_summary= | review_summary= | query=food"
"google_places","UMI TEA Fried Chicken & Sushi","google_places:tea_house","tea_house | Tea House | ramen_restaurant | sushi_restaurant | dim_sum_restaurant | dessert_restaurant | cantonese_restaurant | chinese_restaurant | japanese_restaurant | restaurant | food | point_of_interest | establishment","google_places","ChIJK3k8uO5hwokRxGnn7XeCM4U","40.7516043","-73.8257728","43-41 Main St, Flushing, NY 11355, USA","","1","4.1","163","[object Object] Chen饭饭, 5/5, 6 months ago: The milk tea is really delicious and the sushi is super fresh. The short-haired girl at the front desk is so cute — funny, patient, and really friendly. She makes the whole experience even better. 5 star for her！Definitely coming back! Marcy, 1/5, 6 months ago: Okay…. Imagine this- it’s 1am and you just came out of work and it’s 18 degrees outside… stay with me… you get your order and when you get home the chicken does not look Chispy and there was a buy one get one free but fishy received any. Just the chicken alone was 11 dollars and it’s such a small portion :( plus it doesn’t look appealing. Sarah, 5/5, a year ago: I popped in w/ friends to grab","https://maps.google.com/?cid=9598158682460744132&g_mp=CiVnb29nbGUubWFwcy5wbGFjZXMudjEuUGxhY2VzLkdldFBsYWNlEAIYBCAA","local business | food | indoor | group-friendly | bubble tea | tea | dessert | tea house | Tea house | sushi restaurant | dessert restaurant | ramen restaurant | dim sum restaurant | cantonese restaurant | chinese restaurant | japanese restaurant | restaurant | point of interest | establishment | Tea House","bubble tea stop | food stop","name=UMI TEA Fried Chicken & Sushi | formatted_address=43-41 Main St, Flushing, NY 11355, USA | types=tea_house;Tea House;ramen_restaurant;sushi_restaurant;dim_sum_restaurant;dessert_restaurant;cantonese_restaurant;chinese_restaurant;japanese_restaurant;restaurant;food;point_of_interest;establishment | rating=4.1 | user_rating_count=163 | google_maps_uri=https://maps.google.com/?cid=9598158682460744132&g_mp=CiVnb29nbGUubWFwcy5wbGFjZXMudjEuUGxhY2VzLkdldFBsYWNlEAIYBCAA | editorial_summary= | google_review_summary=[object Object] | review_summary=[object Object] Chen饭饭, 5/5, 6 months ago: The milk tea is really delicious and the sushi is super fresh. The short-haired girl at the front desk is so cute — funny, patient, and really friendly. She makes the whole experience even better. 5 star for her！Definitely coming back! Marcy, 1/5, 6 months ago: Okay…. Imagine this- it’s 1am and you just came out of work and it’s 18 degrees outside… stay with me… you get your order and when you get home the chicken does not look Chispy and there was a buy one get one free but fishy received any. Just the chicken alone was 11 dollars and it’s such a small portion :( plus it doesn’t look appealing. Sarah, 5/5, a year ago: I popped in w/ friends to grab | query=bubble tea"
"google_places","Krazy Carrot Juice Bar & Boba Tea Shop","google_places:tea_house","tea_house | Tea House | point_of_interest | establishment","google_places","ChIJPZrVhQhfwokRr1lUPciWePw","40.7619999","-73.8668739","102-19 29th Ave Ste 1, East Elmhurst, NY 11369, USA","","1","5","5","Tiffany, 5/5, 2 years ago: Stumbled across this bubble tea spot on the way to a convenience store to get a drink. The vivid signs caught my attention and thought I would give it a shot. We received our two drinks in under ten minutes. The lady selling them was nice and seems to be the owner of the bubble tea truck. Drinks were so good! Nicole, 5/5, 2 years ago: Such a good place! Fast and friendly service 😊 aravind Jeyagraham, 5/5, 2 years ago: Hidden gem","https://maps.google.com/?cid=18192456481529682351&g_mp=CiVnb29nbGUubWFwcy5wbGFjZXMudjEuUGxhY2VzLkdldFBsYWNlEAIYBCAA","local business | food | indoor | group-friendly | bubble tea | tea | tea house | Tea house | point of interest | establishment | Tea House","bubble tea stop | food stop","name=Krazy Carrot Juice Bar & Boba Tea Shop | formatted_address=102-19 29th Ave Ste 1, East Elmhurst, NY 11369, USA | types=tea_house;Tea House;point_of_interest;establishment | rating=5 | user_rating_count=5 | google_maps_uri=https://maps.google.com/?cid=18192456481529682351&g_mp=CiVnb29nbGUubWFwcy5wbGFjZXMudjEuUGxhY2VzLkdldFBsYWNlEAIYBCAA | editorial_summary= | google_review_summary= | review_summary=Tiffany, 5/5, 2 years ago: Stumbled across this bubble tea spot on the way to a convenience store to get a drink. The vivid signs caught my attention and thought I would give it a shot. We received our two drinks in under ten minutes. The lady selling them was nice and seems to be the owner of the bubble tea truck. Drinks were so good! Nicole, 5/5, 2 years ago: Such a good place! Fast and friendly service 😊 aravind Jeyagraham, 5/5, 2 years ago: Hidden gem | query=bubble tea"
"google_places","饭冰冰烧烤 The BBQ And Spicy Hotpot House","google_places:chinese_restaurant","chinese_restaurant | Chinese Restaurant | hot_pot_restaurant | restaurant | food | point_of_interest | establishment","google_places","ChIJx36RLIhhwokR5L9PYBbKUrU","40.762929899999996","-73.8067402","158-14 Northern Blvd Ste LL1, Flushing, NY 11358, USA","","1","4.6","95","Carlos Chan, 5/5, 6 months ago: My wife and I recently discovered this spot near our home, and it has quickly become one of our favorite places to grab a bite. The food is consistently good, with a nice variety of options to choose from. We tried several dishes on our first visits, and each one was flavorful and well-prepared. The environment is comfortable and welcoming, perfect for a quick snack or a relaxed meal. The employees are very attentive, friendly, and make the experience even better with their great service. Overall, we’re really happy to have a new go-to place nearby for late snacks or casual dining. Definitely worth checking out! Lili Anh, 5/5, 2 weeks ago: The staff is super f","https://maps.google.com/?cid=13065727666409160676&g_mp=CiVnb29nbGUubWFwcy5wbGFjZXMudjEuUGxhY2VzLkdldFBsYWNlEAIYBCAA","local business | food | indoor | group-friendly | bubble tea | tea | chinese restaurant | Chinese restaurant | hot pot restaurant | restaurant | point of interest | establishment | Chinese Restaurant","bubble tea stop | food stop","name=饭冰冰烧烤 The BBQ And Spicy Hotpot House | formatted_address=158-14 Northern Blvd Ste LL1, Flushing, NY 11358, USA | types=chinese_restaurant;Chinese Restaurant;hot_pot_restaurant;restaurant;food;point_of_interest;establishment | rating=4.6 | user_rating_count=95 | google_maps_uri=https://maps.google.com/?cid=13065727666409160676&g_mp=CiVnb29nbGUubWFwcy5wbGFjZXMudjEuUGxhY2VzLkdldFBsYWNlEAIYBCAA | editorial_summary= | google_review_summary= | review_summary=Carlos Chan, 5/5, 6 months ago: My wife and I recently discovered this spot near our home, and it has quickly become one of our favorite places to grab a bite. The food is consistently good, with a nice variety of options to choose from. We tried several dishes on our first visits, and each one was flavorful and well-prepared. The environment is comfortable and welcoming, perfect for a quick snack or a relaxed meal. The employees are very attentive, friendly, and make the experience even better with their great service. Overall, we’re really happy to have a new go-to place nearby for late snacks or casual dining. Definitely worth checking out! Lili Anh, 5/5, 2 weeks ago: The staff is super f | query=bubble tea"
"google_places","Herb Nook Lab 草木間茶研所","google_places:tea_house","tea_house | Tea house | point_of_interest | establishment","google_places","ChIJK1elU1FhwokRICjJBg3gr8Y","40.761239599999996","-73.8307961","37-11 Main St Food Court #23, 37-11 Main St, Flushing, NY 11354, USA","","1","4.3","37","","https://maps.google.com/?cid=14316908086987139104&g_mp=Cidnb29nbGUubWFwcy5wbGFjZXMudjEuUGxhY2VzLlNlYXJjaFRleHQQAhgEIAA","local business | food | indoor | group-friendly | bubble tea | tea | tea house | Tea house | point of interest | establishment","bubble tea stop | food stop","name=Herb Nook Lab 草木間茶研所 | formatted_address=37-11 Main St Food Court #23, 37-11 Main St, Flushing, NY 11354, USA | types=tea_house;Tea house;point_of_interest;establishment | rating=4.3 | user_rating_count=37 | google_maps_uri=https://maps.google.com/?cid=14316908086987139104&g_mp=Cidnb29nbGUubWFwcy5wbGFjZXMudjEuUGxhY2VzLlNlYXJjaFRleHQQAhgEIAA | editorial_summary= | google_review_summary= | review_summary= | query=bubble tea"
"google_places","Tsaôcaa/Tsaocha - Flushing","google_places:tea_house","tea_house | Tea house | chicken_restaurant | restaurant | food | point_of_interest | establishment","google_places","ChIJA7lRWNdhwokRbY04lfZynMM","40.7599915","-73.8327755","38-04 Prince St, Flushing, NY 11354, USA","","1","4.5","495","","https://maps.google.com/?cid=14095267337153842541&g_mp=Cidnb29nbGUubWFwcy5wbGFjZXMudjEuUGxhY2VzLlNlYXJjaFRleHQQAhgEIAA","local business | food | indoor | group-friendly | bubble tea | tea | tea house | Tea house | chicken restaurant | restaurant | point of interest | establishment","bubble tea stop | food stop","name=Tsaôcaa/Tsaocha - Flushing | formatted_address=38-04 Prince St, Flushing, NY 11354, USA | types=tea_house;Tea house;chicken_restaurant;restaurant;food;point_of_interest;establishment | rating=4.5 | user_rating_count=495 | google_maps_uri=https://maps.google.com/?cid=14095267337153842541&g_mp=Cidnb29nbGUubWFwcy5wbGFjZXMudjEuUGxhY2VzLlNlYXJjaFRleHQQAhgEIAA | editorial_summary= | google_review_summary= | review_summary= | query=bubble tea"
"google_places","Hongdae Korean restaurant","google_places:korean_restaurant","korean_restaurant | Korean restaurant | bar | restaurant | food | point_of_interest | establishment","google_places","ChIJVfOiraVhwokRASKpovthVP8","40.762380199999996","-73.8155563","149-09 41st Ave, Flushing, NY 11355, USA","","1","4.8","712","","https://maps.google.com/?cid=18398438111108997633&g_mp=Cidnb29nbGUubWFwcy5wbGFjZXMudjEuUGxhY2VzLlNlYXJjaFRleHQQAhgEIAA","local business | food | indoor | group-friendly | korean restaurant | Korean restaurant | bar | restaurant | point of interest | establishment","food stop","name=Hongdae Korean restaurant | formatted_address=149-09 41st Ave, Flushing, NY 11355, USA | types=korean_restaurant;Korean restaurant;bar;restaurant;food;point_of_interest;establishment | rating=4.8 | user_rating_count=712 | google_maps_uri=https://maps.google.com/?cid=18398438111108997633&g_mp=Cidnb29nbGUubWFwcy5wbGFjZXMudjEuUGxhY2VzLlNlYXJjaFRleHQQAhgEIAA | editorial_summary= | google_review_summary= | review_summary= | query=food"
"google_places","Izakaya Nana","google_places:japanese_restaurant","japanese_restaurant | Japanese restaurant | sushi_restaurant | yakitori_restaurant | bar | restaurant | food | point_of_interest | establishment","google_places","ChIJN3_05ZZhwokREYnnAOsOKhs","40.7642443","-73.8248229","141-28 Northern Blvd, Flushing, NY 11354, USA","","1","4.6","2140","","https://maps.google.com/?cid=1957393390541179153&g_mp=Cidnb29nbGUubWFwcy5wbGFjZXMudjEuUGxhY2VzLlNlYXJjaFRleHQQAhgEIAA","local business | food | indoor | group-friendly | japanese restaurant | Japanese restaurant | sushi restaurant | yakitori restaurant | bar | restaurant | point of interest | establishment","food stop","name=Izakaya Nana | formatted_address=141-28 Northern Blvd, Flushing, NY 11354, USA | types=japanese_restaurant;Japanese restaurant;sushi_restaurant;yakitori_restaurant;bar;restaurant;food;point_of_interest;establishment | rating=4.6 | user_rating_count=2140 | google_maps_uri=https://maps.google.com/?cid=1957393390541179153&g_mp=Cidnb29nbGUubWFwcy5wbGFjZXMudjEuUGxhY2VzLlNlYXJjaFRleHQQAhgEIAA | editorial_summary= | google_review_summary= | review_summary= | query=food"
"google_places","BUNSIK Korean Street Food","google_places:korean_restaurant","korean_restaurant | Korean restaurant | soup_restaurant | chicken_restaurant | asian_restaurant | seafood_restaurant | japanese_restaurant | restaurant | food | point_of_interest | establishment","google_places","ChIJnfRs4zRhwokRN8RX28PWZp4","40.762559599999996","-73.8280053","136-87 37th Ave 1st floor, Flushing, NY 11354, USA","","1","4.3","242","","https://maps.google.com/?cid=11414046442304029751&g_mp=Cidnb29nbGUubWFwcy5wbGFjZXMudjEuUGxhY2VzLlNlYXJjaFRleHQQAhgEIAA","local business | food | indoor | group-friendly | korean restaurant | Korean restaurant | soup restaurant | chicken restaurant | asian restaurant | seafood restaurant | japanese restaurant | restaurant | point of interest | establishment","food stop","name=BUNSIK Korean Street Food | formatted_address=136-87 37th Ave 1st floor, Flushing, NY 11354, USA | types=korean_restaurant;Korean restaurant;soup_restaurant;chicken_restaurant;asian_restaurant;seafood_restaurant;japanese_restaurant;restaurant;food;point_of_interest;establishment | rating=4.3 | user_rating_count=242 | google_maps_uri=https://maps.google.com/?cid=11414046442304029751&g_mp=Cidnb29nbGUubWFwcy5wbGFjZXMudjEuUGxhY2VzLlNlYXJjaFRleHQQAhgEIAA | editorial_summary= | google_review_summary= | review_summary= | query=food"
"google_places","Ditan Er BBQ House","google_places:barbecue_restaurant","barbecue_restaurant | Barbecue restaurant | chinese_restaurant | restaurant | food | point_of_interest | establishment","google_places","ChIJ91oYr7phwokRJU7SDGPBdbA","40.762346699999995","-73.8140307","149-52 41st Ave, Flushing, NY 11355, USA","","1","4.3","245","","https://maps.google.com/?cid=12715281754111495717&g_mp=Cidnb29nbGUubWFwcy5wbGFjZXMudjEuUGxhY2VzLlNlYXJjaFRleHQQAhgEIAA","local business | food | indoor | group-friendly | barbecue restaurant | Barbecue restaurant | chinese restaurant | restaurant | point of interest | establishment","food stop","name=Ditan Er BBQ House | formatted_address=149-52 41st Ave, Flushing, NY 11355, USA | types=barbecue_restaurant;Barbecue restaurant;chinese_restaurant;restaurant;food;point_of_interest;establishment | rating=4.3 | user_rating_count=245 | google_maps_uri=https://maps.google.com/?cid=12715281754111495717&g_mp=Cidnb29nbGUubWFwcy5wbGFjZXMudjEuUGxhY2VzLlNlYXJjaFRleHQQAhgEIAA | editorial_summary= | google_review_summary= | review_summary= | query=food"
"google_places","Hanyang Bunshik","google_places:korean_restaurant","korean_restaurant | Korean restaurant | restaurant | food | point_of_interest | establishment","google_places","ChIJuyhJ8fhhwokRDEXi6XJsPFA","40.7653378","-73.8136562","150-51 Northern Blvd #55, Flushing, NY 11354, USA","","1","4","269","","https://maps.google.com/?cid=5781615262442865932&g_mp=Cidnb29nbGUubWFwcy5wbGFjZXMudjEuUGxhY2VzLlNlYXJjaFRleHQQAhgEIAA","local business | food | indoor | group-friendly | korean restaurant | Korean restaurant | restaurant | point of interest | establishment","food stop","name=Hanyang Bunshik | formatted_address=150-51 Northern Blvd #55, Flushing, NY 11354, USA | types=korean_restaurant;Korean restaurant;restaurant;food;point_of_interest;establishment | rating=4 | user_rating_count=269 | google_maps_uri=https://maps.google.com/?cid=5781615262442865932&g_mp=Cidnb29nbGUubWFwcy5wbGFjZXMudjEuUGxhY2VzLlNlYXJjaFRleHQQAhgEIAA | editorial_summary= | google_review_summary= | review_summary= | query=food"
"google_places","Ziggle Tofu & Grill","google_places:korean_restaurant","korean_restaurant | Korean restaurant | restaurant | food | point_of_interest | establishment","google_places","ChIJd1XKHyNgwokRfl9fSEOOOl0","40.7619209","-73.8153935","149-06 41st Ave, Flushing, NY 11355, USA","","1","4.3","512","","https://maps.google.com/?cid=6717838213804679038&g_mp=Cidnb29nbGUubWFwcy5wbGFjZXMudjEuUGxhY2VzLlNlYXJjaFRleHQQAhgEIAA","local business | food | indoor | group-friendly | korean restaurant | Korean restaurant | restaurant | point of interest | establishment","food stop","name=Ziggle Tofu & Grill | formatted_address=149-06 41st Ave, Flushing, NY 11355, USA | types=korean_restaurant;Korean restaurant;restaurant;food;point_of_interest;establishment | rating=4.3 | user_rating_count=512 | google_maps_uri=https://maps.google.com/?cid=6717838213804679038&g_mp=Cidnb29nbGUubWFwcy5wbGFjZXMudjEuUGxhY2VzLlNlYXJjaFRleHQQAhgEIAA | editorial_summary= | google_review_summary= | review_summary= | query=food"
"google_places","Hahm Ji Bach","google_places:korean_barbecue_restaurant","korean_barbecue_restaurant | Korean barbecue restaurant | asian_restaurant | korean_restaurant | restaurant | food | point_of_interest | establishment","google_places","ChIJbZnaB95hwokR6FdEFloj04U","40.763103","-73.8149239","40-11 149th Pl, Flushing, NY 11354, USA","","1","4.1","1759","","https://maps.google.com/?cid=9643090096957970408&g_mp=Cidnb29nbGUubWFwcy5wbGFjZXMudjEuUGxhY2VzLlNlYXJjaFRleHQQAhgEIAA","local business | food | indoor | group-friendly | korean barbecue restaurant | Korean barbecue restaurant | asian restaurant | korean restaurant | restaurant | point of interest | establishment","food stop","name=Hahm Ji Bach | formatted_address=40-11 149th Pl, Flushing, NY 11354, USA | types=korean_barbecue_restaurant;Korean barbecue restaurant;asian_restaurant;korean_restaurant;restaurant;food;point_of_interest;establishment | rating=4.1 | user_rating_count=1759 | google_maps_uri=https://maps.google.com/?cid=9643090096957970408&g_mp=Cidnb29nbGUubWFwcy5wbGFjZXMudjEuUGxhY2VzLlNlYXJjaFRleHQQAhgEIAA | editorial_summary= | google_review_summary= | review_summary= | query=food"
"google_places","NY Beer Garden","google_places:beer_garden","beer_garden | Beer garden | sports_bar | asian_restaurant | pub | bar | restaurant | food | point_of_interest | establishment","google_places","ChIJV9RKjophwokRIOu3adda7dA","40.763061","-73.8066415","158-14 Northern Blvd Ste ML4, Flushing, NY 11358, USA","","1","4.6","205","","https://maps.google.com/?cid=15054789010607565600&g_mp=Cidnb29nbGUubWFwcy5wbGFjZXMudjEuUGxhY2VzLlNlYXJjaFRleHQQAhgEIAA","local business | food | indoor | group-friendly | beer garden | Beer garden | sports bar | asian restaurant | pub | bar | restaurant | point of interest | establishment","food stop","name=NY Beer Garden | formatted_address=158-14 Northern Blvd Ste ML4, Flushing, NY 11358, USA | types=beer_garden;Beer garden;sports_bar;asian_restaurant;pub;bar;restaurant;food;point_of_interest;establishment | rating=4.6 | user_rating_count=205 | google_maps_uri=https://maps.google.com/?cid=15054789010607565600&g_mp=Cidnb29nbGUubWFwcy5wbGFjZXMudjEuUGxhY2VzLlNlYXJjaFRleHQQAhgEIAA | editorial_summary= | google_review_summary= | review_summary= | query=food"
"google_places","Sahara Halal Food","google_places:halal_restaurant","halal_restaurant | Halal restaurant | restaurant | food | point_of_interest | establishment","google_places","ChIJn33pHAZhwokRsbjV1y1Yc0A","40.7605329","-73.82946609999999","136-09 39th Ave, Flushing, NY 11354, USA","","1","4.3","52","","https://maps.google.com/?cid=4644152594666993841&g_mp=Cidnb29nbGUubWFwcy5wbGFjZXMudjEuUGxhY2VzLlNlYXJjaFRleHQQAhgEIAA","local business | food | indoor | group-friendly | halal restaurant | Halal restaurant | restaurant | point of interest | establishment","food stop","name=Sahara Halal Food | formatted_address=136-09 39th Ave, Flushing, NY 11354, USA | types=halal_restaurant;Halal restaurant;restaurant;food;point_of_interest;establishment | rating=4.3 | user_rating_count=52 | google_maps_uri=https://maps.google.com/?cid=4644152594666993841&g_mp=Cidnb29nbGUubWFwcy5wbGFjZXMudjEuUGxhY2VzLlNlYXJjaFRleHQQAhgEIAA | editorial_summary= | google_review_summary= | review_summary= | query=food"
"google_places","GooGongTan","google_places:korean_barbecue_restaurant","korean_barbecue_restaurant | Korean barbecue restaurant | korean_restaurant | restaurant | food | point_of_interest | establishment","google_places","ChIJadGbqSNgwokRNWhUQ5ssHBY","40.763183999999995","-73.81492399999999","40-09 149th Pl #1, Flushing, NY 11354, USA","","1","3.9","301","","https://maps.google.com/?cid=1593197413543471157&g_mp=Cidnb29nbGUubWFwcy5wbGFjZXMudjEuUGxhY2VzLlNlYXJjaFRleHQQAhgEIAA","local business | food | indoor | group-friendly | korean barbecue restaurant | Korean barbecue restaurant | korean restaurant | restaurant | point of interest | establishment","food stop","name=GooGongTan | formatted_address=40-09 149th Pl #1, Flushing, NY 11354, USA | types=korean_barbecue_restaurant;Korean barbecue restaurant;korean_restaurant;restaurant;food;point_of_interest;establishment | rating=3.9 | user_rating_count=301 | google_maps_uri=https://maps.google.com/?cid=1593197413543471157&g_mp=Cidnb29nbGUubWFwcy5wbGFjZXMudjEuUGxhY2VzLlNlYXJjaFRleHQQAhgEIAA | editorial_summary= | google_review_summary= | review_summary= | query=food"
"google_places","Byung Chun Soondae","google_places:korean_restaurant","korean_restaurant | Korean restaurant | restaurant | food | point_of_interest | establishment","google_places","ChIJS6Ns0CVgwokRv5kFOK-_TyA","40.764377599999996","-73.8088684","156-03 Northern Blvd, Flushing, NY 11354, USA","","1","3.6","733","","https://maps.google.com/?cid=2328290291653908927&g_mp=Cidnb29nbGUubWFwcy5wbGFjZXMudjEuUGxhY2VzLlNlYXJjaFRleHQQAhgEIAA","local business | food | indoor | group-friendly | korean restaurant | Korean restaurant | restaurant | point of interest | establishment","food stop","name=Byung Chun Soondae | formatted_address=156-03 Northern Blvd, Flushing, NY 11354, USA | types=korean_restaurant;Korean restaurant;restaurant;food;point_of_interest;establishment | rating=3.6 | user_rating_count=733 | google_maps_uri=https://maps.google.com/?cid=2328290291653908927&g_mp=Cidnb29nbGUubWFwcy5wbGFjZXMudjEuUGxhY2VzLlNlYXJjaFRleHQQAhgEIAA | editorial_summary= | google_review_summary= | review_summary= | query=food"
"google_places","Old Beijing BBQ","google_places:chinese_restaurant","chinese_restaurant | Chinese restaurant | restaurant | food | point_of_interest | establishment","google_places","ChIJyWytlxZgwokRwZrwYQpYD60","40.7574563","-73.8222724","41-83 Bowne St, Flushing, NY 11355, USA","","1","3.6","264","","https://maps.google.com/?cid=12470282694828268225&g_mp=Cidnb29nbGUubWFwcy5wbGFjZXMudjEuUGxhY2VzLlNlYXJjaFRleHQQAhgEIAA","local business | food | indoor | group-friendly | chinese restaurant | Chinese restaurant | restaurant | point of interest | establishment","food stop","name=Old Beijing BBQ | formatted_address=41-83 Bowne St, Flushing, NY 11355, USA | types=chinese_restaurant;Chinese restaurant;restaurant;food;point_of_interest;establishment | rating=3.6 | user_rating_count=264 | google_maps_uri=https://maps.google.com/?cid=12470282694828268225&g_mp=Cidnb29nbGUubWFwcy5wbGFjZXMudjEuUGxhY2VzLlNlYXJjaFRleHQQAhgEIAA | editorial_summary= | google_review_summary= | review_summary= | query=food"
"google_places","Cast Iron Pot Queens","google_places:korean_barbecue_restaurant","korean_barbecue_restaurant | Korean barbecue restaurant | korean_restaurant | restaurant | food | point_of_interest | establishment","google_places","ChIJNSnLdvRhwokRU94Wp_zxdo0","40.7633759","-73.8075025","157-26 Northern Blvd, Flushing, NY 11354, USA","","1","4.4","1356","","https://maps.google.com/?cid=10193600874037042771&g_mp=Cidnb29nbGUubWFwcy5wbGFjZXMudjEuUGxhY2VzLlNlYXJjaFRleHQQAhgEIAA","local business | food | indoor | group-friendly | korean barbecue restaurant | Korean barbecue restaurant | korean restaurant | restaurant | point of interest | establishment","food stop","name=Cast Iron Pot Queens | formatted_address=157-26 Northern Blvd, Flushing, NY 11354, USA | types=korean_barbecue_restaurant;Korean barbecue restaurant;korean_restaurant;restaurant;food;point_of_interest;establishment | rating=4.4 | user_rating_count=1356 | google_maps_uri=https://maps.google.com/?cid=10193600874037042771&g_mp=Cidnb29nbGUubWFwcy5wbGFjZXMudjEuUGxhY2VzLlNlYXJjaFRleHQQAhgEIAA | editorial_summary= | google_review_summary= | review_summary= | query=food"
"google_places","Haidilao Hotpot","google_places:hot_pot_restaurant","hot_pot_restaurant | Hot pot restaurant | asian_restaurant | chinese_restaurant | japanese_restaurant | restaurant | food | point_of_interest | establishment","google_places","ChIJtdeAXXFhwokRoxVFjtD6ctU","40.7613242","-73.8280583","138-23 39th Ave, Flushing, NY 11354, USA","","1","4.8","8574","","https://maps.google.com/?cid=15380631451070698915&g_mp=Cidnb29nbGUubWFwcy5wbGFjZXMudjEuUGxhY2VzLlNlYXJjaFRleHQQAhgEIAA","local business | food | indoor | group-friendly | hot pot restaurant | Hot pot restaurant | asian restaurant | chinese restaurant | japanese restaurant | restaurant | point of interest | establishment","food stop","name=Haidilao Hotpot | formatted_address=138-23 39th Ave, Flushing, NY 11354, USA | types=hot_pot_restaurant;Hot pot restaurant;asian_restaurant;chinese_restaurant;japanese_restaurant;restaurant;food;point_of_interest;establishment | rating=4.8 | user_rating_count=8574 | google_maps_uri=https://maps.google.com/?cid=15380631451070698915&g_mp=Cidnb29nbGUubWFwcy5wbGFjZXMudjEuUGxhY2VzLlNlYXJjaFRleHQQAhgEIAA | editorial_summary= | google_review_summary= | review_summary= | query=food"
"google_places","Xi Top BBQ","google_places:barbecue_restaurant","barbecue_restaurant | Barbecue restaurant | korean_barbecue_restaurant | chinese_restaurant | korean_restaurant | restaurant | food | point_of_interest | establishment","google_places","ChIJYweDOXNhwokRtg9Bg_YIlqk","40.7625386","-73.8150718","40-30 149th Pl, Flushing, NY 11354, USA","","1","4.5","1088","","https://maps.google.com/?cid=12219964493773475766&g_mp=Cidnb29nbGUubWFwcy5wbGFjZXMudjEuUGxhY2VzLlNlYXJjaFRleHQQAhgEIAA","local business | food | indoor | group-friendly | barbecue restaurant | Barbecue restaurant | korean barbecue restaurant | chinese restaurant | korean restaurant | restaurant | point of interest | establishment","food stop","name=Xi Top BBQ | formatted_address=40-30 149th Pl, Flushing, NY 11354, USA | types=barbecue_restaurant;Barbecue restaurant;korean_barbecue_restaurant;chinese_restaurant;korean_restaurant;restaurant;food;point_of_interest;establishment | rating=4.5 | user_rating_count=1088 | google_maps_uri=https://maps.google.com/?cid=12219964493773475766&g_mp=Cidnb29nbGUubWFwcy5wbGFjZXMudjEuUGxhY2VzLlNlYXJjaFRleHQQAhgEIAA | editorial_summary= | google_review_summary= | review_summary= | query=food"
"google_places","Tavern 157","google_places:bar","bar | Bar | wine_bar | seafood_restaurant | restaurant | food | point_of_interest | establishment","google_places","ChIJEYps6yVgwokRoZhQnPI9d_w","40.763501","-73.80784009999999","157-12 Northern Blvd, Flushing, NY 11354, USA","","1","4.7","1264","","https://maps.google.com/?cid=18192077332000315553&g_mp=Cidnb29nbGUubWFwcy5wbGFjZXMudjEuUGxhY2VzLlNlYXJjaFRleHQQAhgEIAA","local business | food | indoor | group-friendly | bar | Bar | wine bar | seafood restaurant | restaurant | point of interest | establishment","food stop","name=Tavern 157 | formatted_address=157-12 Northern Blvd, Flushing, NY 11354, USA | types=bar;Bar;wine_bar;seafood_restaurant;restaurant;food;point_of_interest;establishment | rating=4.7 | user_rating_count=1264 | google_maps_uri=https://maps.google.com/?cid=18192077332000315553&g_mp=Cidnb29nbGUubWFwcy5wbGFjZXMudjEuUGxhY2VzLlNlYXJjaFRleHQQAhgEIAA | editorial_summary= | google_review_summary= | review_summary= | query=food"
"google_places","Friendship BBQ","google_places:barbecue_restaurant","barbecue_restaurant | Barbecue restaurant | kebab_shop | hot_pot_restaurant | bar | restaurant | food | point_of_interest | establishment","google_places","ChIJtwnTmxpgwokRdQokoSPg5Lk","40.7607682","-73.8276729","136-76 39th Ave, Flushing, NY 11354, USA","","1","4.1","1209","","https://maps.google.com/?cid=13395077635338668661&g_mp=Cidnb29nbGUubWFwcy5wbGFjZXMudjEuUGxhY2VzLlNlYXJjaFRleHQQAhgEIAA","local business | food | indoor | group-friendly | barbecue restaurant | Barbecue restaurant | kebab shop | hot pot restaurant | bar | restaurant | point of interest | establishment","food stop","name=Friendship BBQ | formatted_address=136-76 39th Ave, Flushing, NY 11354, USA | types=barbecue_restaurant;Barbecue restaurant;kebab_shop;hot_pot_restaurant;bar;restaurant;food;point_of_interest;establishment | rating=4.1 | user_rating_count=1209 | google_maps_uri=https://maps.google.com/?cid=13395077635338668661&g_mp=Cidnb29nbGUubWFwcy5wbGFjZXMudjEuUGxhY2VzLlNlYXJjaFRleHQQAhgEIAA | editorial_summary= | google_review_summary= | review_summary= | query=food"
"google_places","baby boss mexican food truck","google_places:mexican_restaurant","mexican_restaurant | Mexican restaurant | restaurant | food | point_of_interest | establishment","google_places","ChIJ1e8-XTRhwokR-b-JSXzo9Dc","40.7582667","-73.8333238","133-20 Roosevelt Ave, Flushing, NY 11354, USA","","1","2.7","3","","https://maps.google.com/?cid=4032103186910789625&g_mp=Cidnb29nbGUubWFwcy5wbGFjZXMudjEuUGxhY2VzLlNlYXJjaFRleHQQAhgEIAA","local business | food | indoor | group-friendly | mexican restaurant | Mexican restaurant | restaurant | point of interest | establishment","food stop","name=baby boss mexican food truck | formatted_address=133-20 Roosevelt Ave, Flushing, NY 11354, USA | types=mexican_restaurant;Mexican restaurant;restaurant;food;point_of_interest;establishment | rating=2.7 | user_rating_count=3 | google_maps_uri=https://maps.google.com/?cid=4032103186910789625&g_mp=Cidnb29nbGUubWFwcy5wbGFjZXMudjEuUGxhY2VzLlNlYXJjaFRleHQQAhgEIAA | editorial_summary= | google_review_summary= | review_summary= | query=food"