"activityName","placeName","sourceType","sourceUrl","sentiment","confidenceScore","preferenceRelevanceScore","tags","evidenceSummary"
"Try signature drink with QQ noodle topping at TP tea","TP tea","reddit","https://www.reddit.com/r/Flushing/comments/1lzpwt7/best_boba","positive","0.9","0.95","food | boba | local favorite | indoor | drink | recommended","User Prudent_Lab7080 loves the classic signature drink at TP tea especially with QQ noodle topping, which is unique to that place."
"Enjoy fruit teas at HeyTea","HeyTea","reddit","https://www.reddit.com/r/Flushing/comments/1lzpwt7/best_boba","positive","0.85","0.9","food | boba | fruit tea | local favorite | indoor | drink","User StarrkDreams recommends HeyTea specifically for fruit teas."
"Milk teas with strong flavor at TP tea or Moge Tee","TP tea or Moge Tee","reddit","https://www.reddit.com/r/Flushing/comments/1lzpwt7/best_boba","positive","0.85","0.9","food | boba | milk tea | local favorite | indoor | drink","User StarrkDreams suggests TP tea or Moge Tee for milk teas with strong flavor."
"Food crawl at New World Mall food court","New World Mall food court","reddit","https://www.reddit.com/r/FoodNYC/comments/1g0pybk/flushing_food_crawl","positive","0.9","0.9","food | food court | group-friendly | indoor | variety | casual | local favorite","User No_Locksmith_3298 highlights New World Mall as a main draw with many vendors all in one location for a food crawl."
"Try HK style wonton noodle soup at Maxi's","Maxi's","reddit","https://www.reddit.com/r/FoodNYC/comments/1g0pybk/flushing_food_crawl","positive","0.9","0.85","food | noodle soup | local favorite | indoor | dining | casual","Maxi's recommended for HK style wonton noodle soup with large juicy wontons and shrimp."
"Sample boba drinks at TP tea, Heytea, Auntea Jenny and Naisnow on Prince Street","Prince Street boba area (TP tea, Heytea, Auntea Jenny, Naisnow)","reddit","https://www.reddit.com/r/Flushing/comments/1rxjhll/so_many_boba_places_whos_your_top_pick","positive","0.9","0.95","food | boba | local favorite | multiple venues | indoor | drink | group-friendly","User kz952611 lists TP tea, Heytea, Auntea Jenny and Naisnow as top boba picks along Prince Street."
"Tastes of Flushing: Culinary and Cultural Tour of Chinatown","Tai Pan Bakery, Queens","event_page","https://www.eventbrite.com/d/ny--new-york/flushing","positive","0.95","0.9","food | cultural | walking-heavy | group-friendly | daytime | local favorite | scenic","Event featuring culinary and cultural experiences in Flushing Chinatown, with multiple dates, originating from a bakery location, emphasizing local food and cultural exploration."
"Best Boba Tea Shops in Flushing","Various locations including Auntea Jenny and Chun Yang Tea","other","https://www.yelp.com/search?find_desc=Boba+Tea&find_loc=Flushing%2C+Queens%2C+NY","positive","0.9","1","food | beverages | boba | indoor | cheap | local favorite | group-friendly | casual","A Yelp list highlighting top boba tea shops in Flushing popular for their bubble tea offerings, good for groups who enjoy boba and casual drinks."
"Group Dining at Asian Restaurants in Flushing","Various Asian Restaurants across Flushing","review_site","https://www.tripadvisor.com/Restaurants-g47729-zfp9-Flushing_Queens_New_York.html","positive","0.9","0.95","food | group-friendly | indoor | cultural | local favorite | cosy | casual | asian cuisine","Tripadvisor list of best restaurants suitable for groups in Flushing, mostly focusing on Asian cuisines like dim sum, hot pot, and sushi, indicating high group and food preference relevance."
"Dine at Jiang Nan for Large Group Chinese Cuisine","Jiang Nan","other","https://www.yelp.com/search?find_desc=Restaurants+For+Large+Groups&find_loc=Flushing%2C+Queens%2C+NY","positive","0.9","0.9","food | group-friendly | indoor | asian_cuisine | date-friendly","Listed as a top restaurant for large groups near Flushing, known for good Chinese food suitable for group dining."
"Visit Queens Night Market","Queens Night Market","other","https://www.yelp.com/search?find_desc=Events+This+Weekend&find_loc=Flushing%2C+Queens%2C+NY","positive","0.85","0.95","food | nightlife | outdoor | group-friendly | cultural | seasonal | active | walking-heavy","Popular event occurring on weekends in Flushing, ideal for exploring diverse food options including possibly boba in a lively market setting."
"Explore Flushing Meadows Corona Park","Flushing Meadows Corona Park","review_site","https://www.tripadvisor.com/Attractions-g47729-Activities-zft11292-Flushing_Queens_New_York.html","positive","0.9","0.6","free | outdoor | scenic | relaxing | group-friendly | walking-heavy","Highly rated free outdoor park offering scenic and relaxing environment, suitable for group outings and casual walks."
"Enjoy Bubble Tea at It's Boba Time","It's Boba Time, Flushing, Queens, NY","review_site","https://m.yelp.com/search?find_desc=it%27s+boba+time&find_loc=Flushing%2C+Queens%2C+NY","positive","0.9","0.95","food | boba | teen_friendly | local_favorite | cozy | indoor | group-friendly | date-friendly","It's Boba Time is among the top 10 best boba places in Flushing, known for fresh, chewy boba and extensive menu options with a welcoming, chill vibe. Great spot to hang out with friends or a group."
"Visit One of Flushing's 30 Best Boba Tea Spots","Various Boba Tea Shops in Flushing","listicle","https://www.atly.com/united-states/new-york/new-york/flushing/best-boba-tea-tea","positive","0.95","0.9","food | boba | local_favorite | cozy | modern | indoor | group-friendly | date-friendly | unique_flavors","Top boba spots in Flushing offer fresh, chewy boba with generous portions and unique flavors such as strawberry jam. They feature bright, modern, and cozy interiors ideal for socializing and relaxation. Brown sugar milk tea, Thai tea, and taro milk tea are especially recommended for their creamy textures and balanced flavors."
"Big Group Dinner at Jiang Nan or Other Local Favorite Restaurants","Jiang Nan, Siam Thai, Sappeisan, Valdari NYC, Hahm Ji Bach, Cara Mia Restaurant, Louie's in Flushing","review_site","https://www.yelp.com/search?find_desc=Big+Group+Dinner&find_loc=Flushing%2C+NY","positive","0.85","0.6","food | group-friendly | dinner | indoor | local_favorite | comfort_food","Several well-reviewed restaurants in Flushing cater to big groups with good dinner options, including Jiang Nan, Siam Thai, and others. These establishments are suitable for group dining with diverse cuisine offerings."